[
  {
    "Salutation": "Mr.",
    "FirstName": "John",
    "MiddleName": "Michael",
    "LastName": "Doe",
    "Suffix": "Jr.",
    "FullName": "John Michael Doe Jr.",
    "Gender": "Male",
    "DateOfBirth": "1990-05-15",
    "Age": 35,
    "SSN_TaxID": "123-45-6789",
    "ResidenceAddress": "123 Main Street, Apt 4B",
    "State": "Alabama",
    "Email": "john.doe@example.com",
    "PhoneNumber": "+1-555-123-4567"
  },
  {
    "Salutation": "Ms.",
    "FirstName": "Emily",
    "MiddleName": "Rose",
    "LastName": "Smith",
    "Suffix": "",
    "FullName": "Emily Rose Smith",
    "Gender": "Female",
    "DateOfBirth": "1988-09-21",
    "Age": 37,
    "SSN_TaxID": "987-65-4321",
    "ResidenceAddress": "456 Oak Avenue",
    "State": "Alabama",
    "Email": "emily.smith@example.com",
    "PhoneNumber": "+1-555-987-6543"
  },
  {
    "Salutation": "Dr.",
    "FirstName": "Robert",
    "MiddleName": "James",
    "LastName": "Brown",
    "Suffix": "Sr.",
    "FullName": "Dr. Robert James Brown Sr.",
    "Gender": "Male",
    "DateOfBirth": "1975-03-10",
    "Age": 50,
    "SSN_TaxID": "321-54-7689",
    "ResidenceAddress": "789 Pine Road",
    "State": "Alabama",
    "Email": "robert.brown@example.com",
    "PhoneNumber": "+1-555-222-3333"
  },
  {
    "Salutation": "Mrs.",
    "FirstName": "Sophia",
    "MiddleName": "Grace",
    "LastName": "Johnson",
    "Suffix": "",
    "FullName": "Sophia Grace Johnson",
    "Gender": "Female",
    "DateOfBirth": "1995-12-02",
    "Age": 29,
    "SSN_TaxID": "654-32-1987",
    "ResidenceAddress": "101 Maple Lane",
    "State": "Alabama",
    "Email": "sophia.johnson@example.com",
    "PhoneNumber": "+1-555-444-5555"
  },
  {
    "Salutation": "Mr.",
    "FirstName": "David",
    "MiddleName": "Alexander",
    "LastName": "Williams",
    "Suffix": "",
    "FullName": "David Alexander Williams",
    "Gender": "Male",
    "DateOfBirth": "1982-07-18",
    "Age": 43,
    "SSN_TaxID": "789-12-3456",
    "ResidenceAddress": "202 Birch Blvd",
    "State": "Alabama",
    "Email": "david.williams@example.com",
    "PhoneNumber": "+1-555-666-7777"
  }
]
